ID,LLM Score,Prediction
ENSG00000237531,0.16109514,Nucleus
ENSG00000260669,0.757592,Cytoplasm
ENSG00000204387,0.7620749,Cytoplasm
ENSG00000212978,0.7589321,Cytoplasm
